scheme_name,scheme_type,age_group,gender,social_category,annual_income_group,location,scheme_goal,eligibility,benefits,application_process,scheme_website,total_returns,time_duration,scheme_name_hi,scheme_name_mr,scheme_goal_hi,scheme_goal_mr,eligibility_hi,eligibility_mr,benefits_hi,benefits_mr,application_process_hi,application_process_mr,total_returns_hi,total_returns_mr,time_duration_hi,time_duration_mr
Pradhan Mantri Jan Dhan Yojana,Government,19-60,All,All,Below Poverty Line,All India,Bank Accounts and Financial Inclusion,Open to all residents of India with valid ID,"Zero balance accounts, overdraft facility, debit card",Visit a bank branch or authorized agency to open an account,https://pmjdy.gov.in/,,Lifetime,Pradhan Mantri Jan Dhan Yojana,प्रधान मंत्र जान धन योजना,बैंक खाते और वित्तीय समावेशन,बँक खाती आणि आर्थिक समावेश,वैध आईडी के साथ भारत के सभी निवासियों के लिए खुला,वैध आयडीसह भारताच्या सर्व रहिवाशांसाठी खुला,"शून्य शेष खाते, ओवरड्राफ्ट सुविधा, डेबिट कार्ड","शून्य शिल्लक खाती, ओव्हरड्राफ्ट सुविधा, डेबिट कार्ड",खाता खोलने के लिए एक बैंक शाखा या अधिकृत एजेंसी पर जाएँ,खाते उघडण्यासाठी बँक शाखा किंवा अधिकृत एजन्सीला भेट द्या,,,जीवनभर,आजीवन
Mudra Yojana,Government,19-60,All,All,Below Poverty Line,All India,Microcredit for small businesses,Micro or small business owners or entrepreneurs,"Loan amounts up to INR 10 lakhs, collateral-free",Apply through banks or NBFCs with necessary documents,https://mudra.org.in/,Interest rate 8-15% depending on the loan term,Up to 5 years,Mudra Yojana,पैसा योजना,छोटे व्यवसायों के लिए microcredit,छोट्या व्यवसायांसाठी मायक्रोक्रेडिट,सूक्ष्म या छोटे व्यवसाय के मालिक या उद्यमी,सूक्ष्म किंवा लहान व्यवसाय मालक किंवा उद्योजक,"INR 10 लाख तक ऋण राशि, संपार्श्विक-मुक्त","आयएनआर 10 लाखांपर्यंत कर्जाची रक्कम, संपार्श्विक-मुक्त",आवश्यक दस्तावेजों के साथ बैंकों या एनबीएफसी के माध्यम से आवेदन करें,आवश्यक कागदपत्रांसह बँक किंवा एनबीएफसीद्वारे अर्ज करा,ऋण अवधि के आधार पर ब्याज दर 8-15%,कर्जाच्या मुदतीनुसार व्याज दर 8-15%,5 साल तक,5 वर्षांपर्यंत
Banking Correspondent Scheme,Government,18-60,All,All,All,Urban and Rural,Expand banking outreach,Individuals approved as banking correspondents by banks,Facilitate banking services in remote areas,Apply through a bank branch or regional office,https://rbi.org.in/,,,बैंकिंग संवाददाता योजना,बँकिंग वार्ताहर योजना,बैंकिंग आउटरीच का विस्तार करें,बँकिंग पोहोच वाढवा,बैंकों द्वारा बैंकिंग संवाददाताओं के रूप में अनुमोदित व्यक्ति,बँकांद्वारे बँकिंग प्रतिनिधी म्हणून मंजूर व्यक्ती,दूरदराज के क्षेत्रों में बैंकिंग सेवाओं की सुविधा,दुर्गम भागात बँकिंग सेवा सुलभ करा,एक बैंक शाखा या क्षेत्रीय कार्यालय के माध्यम से आवेदन करें,बँक शाखा किंवा प्रादेशिक कार्यालयातून अर्ज करा,,,,
LIC Micro Insurance Policy,Private,18-60,All,All,Below Poverty Line,Rural and Urban,Micro Insurance Coverage,"Anyone below poverty line, residents of India","Life coverage, savings component, low premium",Buy through LIC agents or online,https://licindia.in/,,,लाइसेंस सूक्ष्म बीमा पॉलिसी,एलईसी मायक्रो विमा पॉलिसी,सूक्ष्म बीमा कवरेज,सूक्ष्म विमा संरक्षण,"गरीबी रेखा से नीचे कोई भी, भारत के निवासियों","दारिद्र्य रेषेखालील कोणीही, भारताचे रहिवासी","जीवन कवरेज, बचत घटक, कम प्रीमियम","लाइफ कव्हरेज, बचत घटक, लो प्रीमियम",लाइसेंस एजेंटों या ऑनलाइन के माध्यम से खरीदें,एलआयसी एजंट्स किंवा ऑनलाइन खरेदी करा,,,,
Rupay Card Scheme,Private,All,All,All,All,All India,Digital Payment and Financial Inclusion,Anyone with a valid ID and bank account,"Secure digital transactions, cashback offers",Apply through bank or online portal,https://rupeeyojana.org/,,,रूपे कार्ड योजना,रुपय कार्ड योजना,अंकीय भुगतान और वित्तीय समावेशन,डिजिटल पेमेंट आणि आर्थिक समावेश,एक वैध आईडी और बैंक खाते के साथ कोई भी,वैध आयडी आणि बँक खाते असलेले कोणीही,"सुरक्षित डिजिटल लेनदेन, कैशबैक ऑफ़र","डिजिटल व्यवहार, कॅशबॅक ऑफर सुरक्षित करा",बैंक या ऑनलाइन पोर्टल के माध्यम से आवेदन करें,बँक किंवा ऑनलाइन पोर्टलद्वारे अर्ज करा,,,,
Digital Financial Literacy Program,Government,15-35,All,All,All,Urban and Rural,Financial Literacy and Digital Awareness,"Students, youth, and adults interested in digital finance","Workshops, online courses, awareness campaigns",Register via website or local centers,https://financialliteracy.gov.in/,,Ongoing,अंकीय वित्तीय साक्षरता कार्यक्रम,डिजिटल आर्थिक साक्षरता कार्यक्रम,वित्तीय साक्षरता और डिजिटल जागरूकता,आर्थिक साक्षरता आणि डिजिटल जागरूकता,"डिजिटल वित्त में रुचि रखने वाले छात्र, युवा और वयस्क","विद्यार्थी, तरुण आणि प्रौढ डिजिटल फायनान्समध्ये रस","कार्यशालाएं, ऑनलाइन पाठ्यक्रम, जागरूकता अभियान","कार्यशाळा, ऑनलाइन अभ्यासक्रम, जागरूकता मोहिम",वेबसाइट या स्थानीय केंद्रों के माध्यम से पंजीकरण करें,वेबसाइट किंवा स्थानिक केंद्रांद्वारे नोंदणी करा,,,चल रहे,चालू आहे
Pradhan Mantri Jan Dhan Yojana,Government,6-18,All,All,Below Poverty Line,All India,Bank Account Access and Financial Literacy,All residents above 10 years,"Zero balance accounts, overdraft facilities",Visit a bank branch with proof of identity and address,https://pmjdy.gov.in/,,Lifetime,Pradhan Mantri Jan Dhan Yojana,प्रधान मंत्र जान धन योजना,बैंक खाता पहुंच और वित्तीय साक्षरता,बँक खाते प्रवेश आणि आर्थिक साक्षरता,10 साल से ऊपर के सभी निवासी,10 वर्षांपेक्षा जास्त रहिवासी सर्व रहिवासी,"शून्य शेष खाते, ओवरड्राफ्ट सुविधाएं","शून्य शिल्लक खाती, ओव्हरड्राफ्ट सुविधा",पहचान और पते के प्रमाण के साथ एक बैंक शाखा पर जाएँ,ओळख आणि पत्त्याचा पुरावा असलेल्या बँक शाखेत भेट द्या,,,जीवनभर,आजीवन
Mahila Micro Credit Scheme,Government,19-35,Female,OBC,Below Poverty Line,Rural India,Microcredit for women entrepreneurs,Women above 18 with viable business plans,"Low-interest microloans, skill development support",Apply through local cooperative banks with business plan,https://microcredit.gov.in/,Interest rate 7% per annum,Up to 5 years,महिला माइक्रो क्रेडिट योजना,माहिला मायक्रो क्रेडिट योजना,महिला उद्यमियों के लिए microcredit,महिला उद्योजकांसाठी मायक्रोक्रेडिट,व्यवहार्य व्यावसायिक योजनाओं के साथ 18 से ऊपर की महिलाएं,व्यवहार्य व्यवसाय योजनांसह 18 वर्षांपेक्षा जास्त महिला,"कम-ब्याज वाले माइक्रोलोन, कौशल विकास सहायता","कमी व्याज मायक्रोलोन्स, कौशल्य विकास समर्थन",व्यवसाय योजना के साथ स्थानीय सहकारी बैंकों के माध्यम से आवेदन करें,व्यवसाय योजनेसह स्थानिक सहकारी बँकांद्वारे अर्ज करा,ब्याज दर 7% प्रति वर्ष,व्याज दर वार्षिक 7%,5 साल तक,5 वर्षांपर्यंत
Private Wealth Growth Plan,Private,36-60,All,General,Upper,Urban India,Investment and Wealth Management,Individuals above 21 with stable income,"Customized investment options, wealth advisory",Online registration via official website,https://privatewealth.in/,Interest rate 5-8% depending on investment type,,निजी धन वृद्धि योजना,खाजगी संपत्ती वाढीची योजना,निवेश और धन प्रबंधन,गुंतवणूक आणि संपत्ती व्यवस्थापन,स्थिर आय के साथ 21 से ऊपर के व्यक्ति,स्थिर उत्पन्नासह 21 वरील व्यक्ती,"अनुकूलित निवेश विकल्प, धन सलाहकार","सानुकूलित गुंतवणूकीचे पर्याय, संपत्ती सल्लागार",आधिकारिक वेबसाइट के माध्यम से ऑनलाइन पंजीकरण,अधिकृत वेबसाइटद्वारे ऑनलाइन नोंदणी,निवेश प्रकार के आधार पर ब्याज दर 5-8%,गुंतवणूकीच्या प्रकारानुसार व्याज दर 5-8%,,
Senior Citizens Pension Scheme,Government,60+,All,All,Middle,All India,Pension and Financial Security,Senior citizens with verified age proof,"Monthly pension, healthcare support discounts",Apply through designated government offices or online portal,https://seniorscheme.gov.in/,Monthly pension up to INR 3000,Lifetime,वरिष्ठ नागरिक पेंशन योजना,ज्येष्ठ नागरिक पेन्शन योजना,पेंशन और वित्तीय सुरक्षा,पेन्शन आणि आर्थिक सुरक्षा,सत्यापित आयु प्रमाण वाले वरिष्ठ नागरिक,सत्यापित वय पुरावा असलेले ज्येष्ठ नागरिक,"मासिक पेंशन, स्वास्थ्य सेवा सहायता छूट","मासिक पेन्शन, हेल्थकेअर समर्थन सूट",नामित सरकारी कार्यालयों या ऑनलाइन पोर्टल के माध्यम से आवेदन करें,नियुक्त सरकारी कार्यालये किंवा ऑनलाइन पोर्टलद्वारे अर्ज करा,INR 3000 तक मासिक पेंशन,आयएनआर 3000 पर्यंत मासिक पेन्शन,जीवनभर,आजीवन
StartUp India Investment Scheme,Government,19-35,All,All,Middle,All India,Supporting startup funding and mentorship,Startup founders with valid business plans,"Seed funding, mentorship, incubation support",Register on official portal with business details,https://startupindia.gov.in/,,,स्टार्टअप भारत निवेश योजना,स्टार्टअप इंडिया गुंतवणूक योजना,स्टार्टअप फंडिंग और मेंटरशिप का समर्थन करना,स्टार्टअप निधी आणि मार्गदर्शनास समर्थन,मान्य व्यावसायिक योजनाओं के साथ स्टार्टअप संस्थापक,वैध व्यवसाय योजनांसह स्टार्टअप संस्थापक,"बीज फंडिंग, मेंटरशिप, इनक्यूबेशन सपोर्ट","बियाणे निधी, मार्गदर्शन, उष्मायन समर्थन",व्यावसायिक विवरण के साथ आधिकारिक पोर्टल पर पंजीकरण करें,व्यवसायाच्या तपशीलांसह अधिकृत पोर्टलवर नोंदणी करा,,,,
Financial Literacy Campaigns by Private Firms,Private,"6-18,19-35,36-60,60+",All,All,All,Urban and Rural India,Raising awareness about financial products and literacy,Open to all residents,"Enhanced financial knowledge, better savings and investment decisions",Participation through community outreach programs or online events,https://finliteracyprivatescheme.com/,,Ongoing,निजी फर्मों द्वारा वित्तीय साक्षरता अभियान,खासगी कंपन्यांद्वारे आर्थिक साक्षरता मोहीम,वित्तीय उत्पादों और साक्षरता के बारे में जागरूकता बढ़ाना,आर्थिक उत्पादने आणि साक्षरतेबद्दल जागरूकता वाढवणे,सभी निवासियों के लिए खुला,सर्व रहिवाशांसाठी उघडा,"बढ़ाया वित्तीय ज्ञान, बेहतर बचत और निवेश निर्णय","वर्धित आर्थिक ज्ञान, चांगले बचत आणि गुंतवणूकीचे निर्णय",सामुदायिक आउटरीच कार्यक्रमों या ऑनलाइन घटनाओं के माध्यम से भागीदारी,समुदाय पोहोच कार्यक्रम किंवा ऑनलाइन कार्यक्रमांद्वारे सहभाग,,,चल रहे,चालू आहे
Pradhan Mantri Jan Dhan Yojana,Government,6-18,All,All,Below Poverty Line,All India,Bank Account Opening and Financial Inclusion,Anyone aged 6 and above who is not already banked,"Zero balance accounts, insurance benefits, overdraft facilities",Visit local bank branch or online registration,https://pmjdy.gov.in/,,Lifetime,Pradhan Mantri Jan Dhan Yojana,प्रधान मंत्र जान धन योजना,बैंक खाता उद्घाटन और वित्तीय समावेशन,बँक खाते उघडणे आणि आर्थिक समावेश,6 वर्ष और उससे अधिक आयु का कोई भी व्यक्ति जो पहले से ही नहीं है,6 आणि त्यापेक्षा जास्त वयाचा कोणीही जो आधीपासूनच बँक नाही,"शून्य शेष खाता, बीमा लाभ, ओवरड्राफ्ट सुविधा","शून्य शिल्लक खाते, विमा लाभ, ओव्हरड्राफ्ट सुविधा",स्थानीय बैंक शाखा या ऑनलाइन पंजीकरण पर जाएँ,स्थानिक बँक शाखा किंवा ऑनलाइन नोंदणीला भेट द्या,,,जीवनभर,आजीवन
Vishesh Shiksha Loan Scheme,Private,19-35,All,OBC,Middle,Urban,Education Loan for Higher Studies,Candidates with admission letter to recognized institutions,"Low interest rates, flexible repayment options",Apply online through partner bank portals,https://visheshshiksha.in/,Interest rate 7-9%,Up to 10 years,Vishesh Shiksha Loan Scheme,विशेष शिक्षण कर्ज योजना,उच्च अध्ययन के लिए शिक्षा ऋण,उच्च अभ्यासासाठी शिक्षण कर्ज,मान्यता प्राप्त संस्थानों में प्रवेश पत्र के साथ उम्मीदवार,मान्यताप्राप्त संस्थांना प्रवेश पत्र असलेले उमेदवार,"कम ब्याज दर, लचीली पुनर्भुगतान विकल्प","कमी व्याज दर, लवचिक परतफेड पर्याय",पार्टनर बैंक पोर्टल्स के माध्यम से ऑनलाइन आवेदन करें,भागीदार बँक पोर्टलद्वारे ऑनलाइन अर्ज करा,ब्याज दर 7-9%,व्याज दर 7-9%,10 साल तक,10 वर्षांपर्यंत
Sukanya Samriddhi Yojana,Government,0-5,Female,All,All,All India,Child girl education and marriage fund,Parents or guardians of girl children under 10,"Tax benefits, compound interest, financial security for girl child",Open account at designated bank branches or post offices,https://sukanyayojana.com/,Approx. 8% interest compounded annually,Lifetime till girl turns 21,Sukanya Samriddhi Yojana,सुकन्या साम्रिधी योजना,बाल लड़की शिक्षा और विवाह निधि,बाल मुलगी शिक्षण आणि विवाह निधी,10 वर्ष से कम उम्र के लड़की बच्चों के माता -पिता या संरक्षक,पालक किंवा 10 वर्षाखालील मुलींचे पालक,"कर लाभ, चक्रवृद्धि ब्याज, लड़की बच्चे के लिए वित्तीय सुरक्षा","कर लाभ, कंपाऊंड इंटरेस्ट, मुली मुलासाठी आर्थिक सुरक्षा",निर्दिष्ट बैंक शाखाओं या डाकघरों में खाता खोलें,नियुक्त बँक शाखा किंवा पोस्ट ऑफिसवर ओपन खाते,लगभग।8% ब्याज सालाना,अंदाजे.वर्षाकाठी 8% व्याज वाढवले जाते,जीवनकाल तक लड़की 21 साल की हो गई,मुलगी 21 वर्षांची होईपर्यंत आजीवन
Microcredit for Rural Entrepreneurs,Private,19-60,Male,OBC,Below Poverty Line,Rural Areas,Microcredit for Small Business Development,Rural residents with viable business plan,"Access to small loans, financial training, market linkage",Application through local microfinance institutions,https://microcreditrural.in/,Interest rate 10-12%,1-5 years,ग्रामीण उद्यमियों के लिए microcredit,ग्रामीण उद्योजकांसाठी मायक्रोक्रेडिट,लघु व्यवसाय विकास के लिए microcredit,लघु व्यवसाय विकासासाठी मायक्रोक्रेडिट,व्यवहार्य व्यवसाय योजना के साथ ग्रामीण निवासी,व्यवहार्य व्यवसाय योजना असलेले ग्रामीण रहिवासी,"छोटे ऋण, वित्तीय प्रशिक्षण, बाजार लिंकेज तक पहुंच","लहान कर्ज, आर्थिक प्रशिक्षण, बाजार दुवा साधणे",स्थानीय माइक्रोफाइनेंस संस्थानों के माध्यम से आवेदन,स्थानिक मायक्रोफायनान्स संस्थांद्वारे अर्ज,ब्याज दर 10-12%,व्याज दर 10-12%,1-5 साल,1-5 वर्षे
National Pension System (NPS),Government,36-60,All,All,Middle,All India,Retirement savings and pension,All Indian citizens aged 18-60,"Tax benefits, market-linked returns, flexible contribution",Register online or through authorized financial advisors,https://npscra.nsdl.co.in/,"Varies, typically 8-10% depending on market conditions",Lifetime till death,राष्ट्रीय पेंशन प्रणाली,राष्ट्रीय पेन्शन सिस्टम (एनपीएस),सेवानिवृत्ति बचत और पेंशन,सेवानिवृत्तीची बचत आणि पेन्शन,18-60 वर्ष की आयु के सभी भारतीय नागरिक,18-60 वयोगटातील सर्व भारतीय नागरिक,"कर लाभ, बाजार से जुड़े रिटर्न, लचीला योगदान","कर बेनिफिट्स, मार्केट-लिंक्ड रिटर्न्स, लवचिक योगदान",ऑनलाइन या अधिकृत वित्तीय सलाहकारों के माध्यम से पंजीकरण करें,ऑनलाईन किंवा अधिकृत आर्थिक सल्लागारांद्वारे नोंदणी करा,"भिन्न होता है, आमतौर पर बाजार की स्थितियों के आधार पर 8-10%",बाजारातील परिस्थितीनुसार सामान्यत: 8-10% बदलतात,जीवनकाल तक मृत्यु तक,मृत्यूपर्यंत आजीवन
Financial Literacy Campaigns,Government,All,All,All,All,All Regions,Promoting financial literacy and awareness,Open to all citizens,"Increased awareness, better financial decision making, empowerment",Participate through local government programs or online campaigns,https://financialliteracy.gov.in/,,Ongoing,वित्तीय साक्षरता अभियान,आर्थिक साक्षरता मोहीम,वित्तीय साक्षरता और जागरूकता को बढ़ावा देना,आर्थिक साक्षरता आणि जागरूकता वाढवित आहे,सभी नागरिकों के लिए खुला,सर्व नागरिकांसाठी खुला,"बढ़ी हुई जागरूकता, बेहतर वित्तीय निर्णय लेना, सशक्तिकरण","जागरूकता, चांगले आर्थिक निर्णय घेणे, सबलीकरण",स्थानीय सरकारी कार्यक्रमों या ऑनलाइन अभियानों के माध्यम से भाग लें,स्थानिक सरकारी कार्यक्रम किंवा ऑनलाइन मोहिमेद्वारे भाग घ्या,,,चल रहे,चालू आहे
Prime Minister Jan Dhan Yojana,Government,6-18,All,All,Below Poverty Line,All India,Savings and Banking Access,Open to all citizens with valid ID proof,"Zero balance accounts, accident insurance, and financial literacy programs",Visit nearest bank branch or online portal and fill out application form,https://pmjdy.gov.in,,Lifetime,Prime Minister Jan Dhan Yojana,पंतप्रधान जान धन योजना,बचत और बैंकिंग पहुंच,बचत आणि बँकिंग प्रवेश,मान्य आईडी प्रूफ वाले सभी नागरिकों के लिए खुला,वैध आयडी पुरावा असलेल्या सर्व नागरिकांसाठी खुला,"शून्य शेष खाते, दुर्घटना बीमा और वित्तीय साक्षरता कार्यक्रम","शून्य शिल्लक खाती, अपघात विमा आणि आर्थिक साक्षरता कार्यक्रम",निकटतम बैंक शाखा या ऑनलाइन पोर्टल पर जाएं और आवेदन पत्र भरें,जवळची बँक शाखा किंवा ऑनलाइन पोर्टलला भेट द्या आणि अर्ज भरा,,,जीवनभर,आजीवन
Mahila Microcredit Scheme,Government,19-35,Female,OBC,Below Poverty Line,Rural Areas of Bihar,Microcredit for women entrepreneurs,"Women aged 19-35, owning small businesses or aspiring entrepreneurs","Low-interest microloans, business training, and mentorship","Online or at local rural development offices, submitting business plan and ID proof",https://bihar.gov.in/microcredit,"Interest rate 8% per annum, repayable in monthly installments over 3 years",3 years,माहिला माइक्रोक्रेडिट स्कीम,माहिला मायक्रोक्रेडिट योजना,महिला उद्यमियों के लिए microcredit,महिला उद्योजकांसाठी मायक्रोक्रेडिट,"19-35 वर्ष की आयु की महिलाएं, छोटे व्यवसायों या आकांक्षी उद्यमियों की मालिक हैं","१ -3--35 वर्षे वयोगटातील स्त्रिया, लहान व्यवसाय किंवा इच्छुक उद्योजकांचे मालक आहेत","कम-ब्याज वाले माइक्रोलोन, व्यावसायिक प्रशिक्षण और मेंटरशिप","कमी व्याज मायक्रोलोन्स, व्यवसाय प्रशिक्षण आणि मार्गदर्शन","ऑनलाइन या स्थानीय ग्रामीण विकास कार्यालयों में, व्यवसाय योजना और आईडी प्रमाण प्रस्तुत करना","ऑनलाइन किंवा स्थानिक ग्रामीण विकास कार्यालयांमध्ये, व्यवसाय योजना आणि आयडी पुरावा सबमिट करणे","ब्याज दर 8% प्रति वर्ष, 3 वर्षों में मासिक किस्तों में चुकाने योग्य","वर्षाकाठी 8% व्याज दर, 3 वर्षात मासिक हप्त्यांमध्ये परतफेड करण्यायोग्य",3 वर्ष,3 वर्षे
Retirement Pension Scheme for Senior Citizens,Government,60+,All,All,Middle,Urban and Rural India,Pension for senior citizens,Indian citizens above 60 with annual income below 2 lakh INR,"Monthly pension of 2000 INR, healthcare benefits","Register online or at local government offices, submit age and income proof",https://pension.gov.in,,Lifetime,वरिष्ठ नागरिकों के लिए सेवानिवृत्ति पेंशन योजना,ज्येष्ठ नागरिकांसाठी सेवानिवृत्ती पेन्शन योजना,वरिष्ठ नागरिकों के लिए पेंशन,ज्येष्ठ नागरिकांसाठी पेन्शन,भारतीय नागरिक 60 से ऊपर की वार्षिक आय 2 लाख से नीचे के साथ हैं,भारतीय नागरिक 60 वर्षांपेक्षा जास्त वयाचे वार्षिक उत्पन्न 2 लाखांपेक्षा कमी,"2000 INR की मासिक पेंशन, स्वास्थ्य लाभ लाभ","2000 आयएनआरचे मासिक पेन्शन, हेल्थकेअर फायदे","ऑनलाइन या स्थानीय सरकारी कार्यालयों में पंजीकरण करें, आयु और आय प्रमाण जमा करें","ऑनलाईन किंवा स्थानिक सरकारी कार्यालयांमध्ये नोंदणी करा, वय आणि उत्पन्न पुरावा सबमिट करा",,,जीवनभर,आजीवन
Private Health Savings Plan,Private,36-60,All,All,Upper,All Urban Areas,Health insurance and savings,Individuals aged 36-60 with stable income,"Tax benefits, comprehensive health coverage, flexible saving options","Online registration through company portal, upload ID and income proof",https://privatesavings.com/health,"Interest rate 5%, or N/A if linked to insurance benefits",,निजी स्वास्थ्य बचत योजना,खाजगी आरोग्य बचत योजना,स्वास्थ्य बीमा और बचत,आरोग्य विमा आणि बचत,स्थिर आय के साथ 36-60 वर्ष की आयु के व्यक्ति,स्थिर उत्पन्नासह 36-60 वयोगटातील व्यक्ती,"कर लाभ, व्यापक स्वास्थ्य कवरेज, लचीला बचत विकल्प","कर लाभ, सर्वसमावेशक आरोग्य कव्हरेज, लवचिक बचत पर्याय","कंपनी पोर्टल, अपलोड आईडी और आय प्रमाण के माध्यम से ऑनलाइन पंजीकरण","कंपनी पोर्टल, अपलोड आयडी आणि इन्कम प्रूफद्वारे ऑनलाईन नोंदणी","ब्याज दर 5%, या एन/ए यदि बीमा लाभों से जुड़ा हुआ है","व्याज दर 5%, किंवा एन/ए जर विमा लाभांशी दुवा साधला असेल तर",,
Youth Financial Literacy Program,Government,6-18,All,All,All,All India,Financial literacy education for youth,"Students aged 6-18, enrolled in schools","Educational resources, workshops, online modules",School registration and participation in programs,https://finlit.gov.in,,Ongoing,युवा वित्तीय साक्षरता कार्यक्रम,युवा आर्थिक साक्षरता कार्यक्रम,युवाओं के लिए वित्तीय साक्षरता शिक्षा,तरुणांसाठी आर्थिक साक्षरता शिक्षण,"6-18 वर्ष की आयु के छात्र, स्कूलों में दाखिला लेते हैं",6-18 वयोगटातील विद्यार्थ्यांनी शाळांमध्ये प्रवेश घेतला,"शैक्षिक संसाधन, कार्यशालाएं, ऑनलाइन मॉड्यूल","शैक्षणिक संसाधने, कार्यशाळा, ऑनलाइन मॉड्यूल",स्कूल पंजीकरण और कार्यक्रमों में भागीदारी,शालेय नोंदणी आणि कार्यक्रमांमध्ये सहभाग,,,चल रहे,चालू आहे
Urban Self-Employment Fund,Private,19-35,All,General,Middle,Urban India,Support for self-employment and entrepreneurship,Young adults aged 19-35 with viable business ideas,"Seed funding, mentorship, training programs","Online application with business plan submission, interview process",https://urbanentrepreneurship.com,N/A or profit sharing arrangements,5 years,शहरी स्वरोजगार निधि,शहरी स्वयंरोजगार निधी,स्वरोजगार और उद्यमिता के लिए समर्थन,स्वयंरोजगार आणि उद्योजकतेसाठी समर्थन,व्यवहार्य व्यावसायिक विचारों के साथ 19-35 वर्ष की आयु के युवा वयस्क,व्यवहार्य व्यवसाय कल्पनांसह 19-35 वयोगटातील तरुण प्रौढ,"बीज वित्त पोषण, मेंटरशिप, प्रशिक्षण कार्यक्रम","बियाणे निधी, मार्गदर्शन, प्रशिक्षण कार्यक्रम","व्यापार योजना सबमिशन, साक्षात्कार प्रक्रिया के साथ ऑनलाइन आवेदन","व्यवसाय योजना सबमिशन, मुलाखत प्रक्रिया सह ऑनलाइन अर्ज",एन/ए या लाभ साझा करने की व्यवस्था,एन/ए किंवा नफा सामायिकरण व्यवस्था,5 साल,5 वर्षे
Jan Dhan Yojana,Government,6-18,All,All,Below Poverty Line,All India,"Bank Account Access, Financial Literacy",Open to all Indian residents with basic identity proof,"Free zero-balance accounts, insurance covers, overdraft facilities",Visit authorized bank branches or online portal with identity proof,https://financialservices.gov.in/jandhan,,Lifetime,Jan Dhan Yojana,जान धन योजना,"बैंक खाता पहुंच, वित्तीय साक्षरता","बँक खात्यात प्रवेश, आर्थिक साक्षरता",बुनियादी पहचान प्रमाण के साथ सभी भारतीय निवासियों के लिए खुला,मूलभूत ओळख पुरावा असलेल्या सर्व भारतीय रहिवाशांसाठी खुला,"नि: शुल्क शून्य-संतुलन खाते, बीमा कवर, ओवरड्राफ्ट सुविधाएं","विनामूल्य शून्य-बॅलन्स खाती, विमा कव्हर, ओव्हरड्राफ्ट सुविधा",पहचान प्रमाण के साथ अधिकृत बैंक शाखाओं या ऑनलाइन पोर्टल पर जाएं,ओळख पुराव्यासह अधिकृत बँक शाखा किंवा ऑनलाइन पोर्टलला भेट द्या,,,जीवनभर,आजीवन
Microcredit Plus,Private,19-35,All,OBC,Below Poverty Line,Rural Areas,Microcredit for Small Businesses,Individuals with small business idea or existing micro-entrepreneurship,"Low-interest microloans, business training, mentorship",Online application or local microfinance institutions,https://microfinanceplus.in,Interest rate 12-15% annually,1-5 years,माइक्रोक्रेडिट प्लस,मायक्रोक्रेडिट प्लस,छोटे व्यवसायों के लिए microcredit,छोट्या व्यवसायांसाठी मायक्रोक्रेडिट,छोटे व्यवसाय विचार या मौजूदा सूक्ष्म-उद्यमशीलता वाले व्यक्ति,लहान व्यवसाय कल्पना किंवा विद्यमान मायक्रो-एन्ट्रीप्रेनरशिप असलेल्या व्यक्ती,"कम-ब्याज माइक्रोलोन, व्यवसाय प्रशिक्षण, मेंटरशिप","कमी व्याज मायक्रोलोन्स, व्यवसाय प्रशिक्षण, मार्गदर्शन",ऑनलाइन आवेदन या स्थानीय माइक्रोफाइनेंस संस्थान,ऑनलाइन अनुप्रयोग किंवा स्थानिक मायक्रोफायनान्स संस्था,ब्याज दर 12-15% सालाना,व्याज दर दरवर्षी 12-15%,1-5 साल,1-5 वर्षे
Sukanya Samriddhi Yojana,Government,0-5,Female,All,All,All India,Child Education and Marriage Savings,Parents or guardians of girl children below 10 years,"Interest on deposits, tax benefits, maturity amount for girl child's future",Visit bank branch or online portal with child's birth proof,https://sukanya-samriddhi.gov.in,Interest rate 7-8% per annum,15-21 years,Sukanya Samriddhi Yojana,सुकन्या साम्रिधी योजना,बाल शिक्षा और विवाह बचत,बाल शिक्षण आणि विवाह बचत,10 साल से कम उम्र के बच्चों के माता -पिता या अभिभावक,पालक किंवा 10 वर्षांखालील मुलींचे पालक,"GILL चाइल्ड के भविष्य के लिए जमा, कर लाभ, परिपक्वता राशि पर ब्याज","मुलींच्या भविष्यासाठी ठेवी, कर लाभ, परिपक्वता रक्कम यावर व्याज",बच्चे के जन्म प्रमाण के साथ बैंक शाखा या ऑनलाइन पोर्टल पर जाएं,मुलाच्या जन्माच्या पुराव्यासह बँक शाखा किंवा ऑनलाइन पोर्टलला भेट द्या,ब्याज दर 7-8% प्रति वर्ष,वर्षाकाठी व्याज दर 7-8%,15-21 वर्ष,15-21 वर्षे
RetireSafe Pension Scheme,Private,60+,All,All,Upper,Urban,Retirement Income Security,Retired individuals with proof of retirement and income details,"Monthly pension, medical support, financial planning advice",Application through authorized pension providers or online,https://retire-scheme.in,"Monthly pension amount varies, interest rate 4-6%",Lifetime,रिटायर्सेफ़ पेंशन योजना,सेवानिवृत्त पेन्शन योजना,सेवानिवृत्ति आय सुरक्षा,सेवानिवृत्ती उत्पन्न सुरक्षा,सेवानिवृत्त व्यक्ति सेवानिवृत्ति और आय विवरण के प्रमाण के साथ,सेवानिवृत्तीचा पुरावा आणि उत्पन्नाच्या तपशीलांसह सेवानिवृत्त व्यक्ती,"मासिक पेंशन, चिकित्सा सहायता, वित्तीय नियोजन सलाह","मासिक पेन्शन, वैद्यकीय समर्थन, आर्थिक नियोजन सल्ला",अधिकृत पेंशन प्रदाताओं या ऑनलाइन के माध्यम से आवेदन,अधिकृत पेन्शन प्रदात्यांद्वारे किंवा ऑनलाइनद्वारे अर्ज,"मासिक पेंशन राशि भिन्न होती है, ब्याज दर 4-6%","मासिक पेन्शन रक्कम बदलते, व्याज दर 4-6%",जीवनभर,आजीवन
Skills for All,Government,19-35,All,All,Middle,Urban and Rural,Skills Development and Employment,"Graduates, diploma holders, unemployed youth","Skill training, certification, job placement assistance",Apply online or through local employment offices,https://skillsforall.gov.in,,3-6 months per training module,सभी के लिए कौशल,सर्वांसाठी कौशल्ये,कौशल विकास और रोजगार,कौशल्य विकास आणि रोजगार,"स्नातक, डिप्लोमा धारक, बेरोजगार युवा","पदवीधर, डिप्लोमा धारक, बेरोजगार तरुण","कौशल प्रशिक्षण, प्रमाणन, नौकरी प्लेसमेंट सहायता","कौशल्य प्रशिक्षण, प्रमाणपत्र, नोकरी प्लेसमेंट सहाय्य",ऑनलाइन या स्थानीय रोजगार कार्यालयों के माध्यम से आवेदन करें,ऑनलाइन किंवा स्थानिक रोजगार कार्यालयांद्वारे अर्ज करा,,,3-6 महीने प्रति प्रशिक्षण मॉड्यूल,प्रति प्रशिक्षण मॉड्यूल 3-6 महिने
Pradhan Mantri Jan Dhan Yojana,Government,6-18,All,All,Below Poverty Line,All India,Banking access for all,Open to all citizens above 10 years of age,"Free bank accounts, debit cards, insurance coverage",Visit nearby bank branch or apply online,https://pmjdy.gov.in/,,Lifetime,Pradhan Mantri Jan Dhan Yojana,प्रधान मंत्र जान धन योजना,सभी के लिए बैंकिंग पहुंच,सर्वांसाठी बँकिंग प्रवेश,10 वर्ष से अधिक आयु के सभी नागरिकों के लिए खुला,10 वर्षांपेक्षा जास्त वयाच्या सर्व नागरिकांसाठी खुले,"नि: शुल्क बैंक खाते, डेबिट कार्ड, बीमा कवरेज","विनामूल्य बँक खाती, डेबिट कार्ड, विमा संरक्षण",पास की बैंक शाखा पर जाएँ या ऑनलाइन आवेदन करें,जवळपासच्या बँक शाखेत भेट द्या किंवा ऑनलाईन अर्ज करा,,,जीवनभर,आजीवन
Sukanya Samriddhi Yojana,Government,0-5,Female,All,All,All India,Savings scheme for girl child,Parent or guardian of girl below age 10,"Tax benefits, compound interest, maturity amount up to 1 million INR",Visit authorized bank branches or post office,https://sukanyasamriddhi.com/,Interest rate: 7.6% p.a.,21 years from account opening,Sukanya Samriddhi Yojana,सुकन्या साम्रिधी योजना,बालिका के लिए बचत योजना,मुली मुलासाठी बचत योजना,10 वर्ष से कम उम्र के लड़की के माता -पिता या अभिभावक,पालक किंवा 10 वर्षाखालील मुलीचे पालक,"कर लाभ, चक्रवृद्धि ब्याज, परिपक्वता राशि 1 मिलियन INR तक","कर लाभ, चक्रवाढ व्याज, परिपक्वता 1 दशलक्ष आयएनआर पर्यंत",अधिकृत बैंक शाखाओं या डाकघर पर जाएं,अधिकृत बँक शाखा किंवा पोस्ट ऑफिसला भेट द्या,ब्याज दर: 7.6% पी.ए.,व्याज दर: 7.6% पी.ए.,खाता खोलने से 21 साल,खाते उघडण्यापासून 21 वर्षे
Pension Fund Scheme for Retail Workers,Private,36-60,All,All,Middle,Urban,Retirement pension,Retail workers with minimum 3 years of employment,"Monthly pension, health benefits, financial security",Register through affiliated pension providers,https://retailpension.in/,,Lifetime,पेंशन निधि खुदरा कार्यकर्ताओं के लिए योजना,किरकोळ कामगारांसाठी पेन्शन फंड योजना,सेवानिवृत्ति पेंशन,सेवानिवृत्ती पेन्शन,न्यूनतम 3 साल के रोजगार के साथ खुदरा कार्यकर्ता,कमीतकमी 3 वर्षे रोजगारासह किरकोळ कामगार,"मासिक पेंशन, स्वास्थ्य लाभ, वित्तीय सुरक्षा","मासिक पेन्शन, आरोग्य लाभ, आर्थिक सुरक्षा",संबद्ध पेंशन प्रदाताओं के माध्यम से पंजीकरण करें,संबद्ध पेन्शन प्रदात्यांद्वारे नोंदणी करा,,,जीवनभर,आजीवन
Microcredit for Women Entrepreneurs,Private,19-35,Female,OBC,Below Poverty Line,Rural,Microfinance and credit support,Women entrepreneurs with viable business plan,"Low-interest loans, business development support",Application through local microfinance institutions,https://microcreditwomen.in/,Interest rates 12-15% per annum,1-5 years,महिला उद्यमियों के लिए microcredit,महिला उद्योजकांसाठी मायक्रोक्रेडिट,माइक्रोफाइनेंस और क्रेडिट समर्थन,मायक्रोफायनान्स आणि क्रेडिट समर्थन,व्यवहार्य व्यवसाय योजना के साथ महिला उद्यमी,व्यवहार्य व्यवसाय योजनेसह महिला उद्योजक,"कम-ब्याज ऋण, व्यवसाय विकास सहायता","कमी व्याज कर्ज, व्यवसाय विकास समर्थन",स्थानीय माइक्रोफाइनेंस संस्थानों के माध्यम से आवेदन,स्थानिक मायक्रोफायनान्स संस्थांद्वारे अर्ज,ब्याज दर 12-15% प्रति वर्ष,व्याज दर दरवर्षी 12-15%,1-5 साल,1-5 वर्षे
Rural Digital Savings Initiative,Government,6-18,All,All,Middle,Rural,Promote digital savings and transactions,Residents of rural areas above 12 years,"Digital account, transaction support, financial literacy sessions",Apply at local bank or post office,https://ruraldigitalsavings.gov.in/,,,ग्रामीण डिजिटल बचत पहल,ग्रामीण डिजिटल बचत उपक्रम,डिजिटल बचत और लेनदेन को बढ़ावा देना,डिजिटल बचत आणि व्यवहारांना प्रोत्साहन द्या,12 साल से अधिक ग्रामीण क्षेत्रों के निवासी,ग्रामीण भागातील रहिवासी 12 वर्षांपेक्षा जास्त,"डिजिटल खाता, लेनदेन समर्थन, वित्तीय साक्षरता सत्र","डिजिटल खाते, व्यवहार समर्थन, आर्थिक साक्षरता सत्र",स्थानीय बैंक या डाकघर में आवेदन करें,स्थानिक बँक किंवा पोस्ट ऑफिसवर अर्ज करा,,,,
Urban Financial Literacy Campaign,Government,19-35,All,All,Upper,Urban,Financial literacy and inclusion,Urban residents above 18 years,"Workshops, digital tools, financial guidance",Participate through local community centers or online registration,https://urbanfinliteracy.in/,,Ongoing,शहरी वित्तीय साक्षरता अभियान,शहरी आर्थिक साक्षरता,वित्तीय साक्षरता और समावेश,आर्थिक साक्षरता आणि समावेश,18 साल से ऊपर के शहरी निवासी,18 वर्षांपेक्षा जास्त शहरी रहिवासी,"कार्यशालाएं, डिजिटल उपकरण, वित्तीय मार्गदर्शन","कार्यशाळा, डिजिटल साधने, आर्थिक मार्गदर्शन",स्थानीय सामुदायिक केंद्रों या ऑनलाइन पंजीकरण के माध्यम से भाग लें,स्थानिक समुदाय केंद्रे किंवा ऑनलाइन नोंदणीद्वारे भाग घ्या,,,चल रहे,चालू आहे
Pradhan Mantri Jan Dhan Yojana,Government,6-18,All,All,Below Poverty Line,All India,Savings and Financial Inclusion,All residents of India above 10 years of age,"Zero balance accounts, debit card, overdraft facility",Visit authorized bank branches or digital portals with ID proof,https://pmjdy.gov.in,,Lifetime,Pradhan Mantri Jan Dhan Yojana,प्रधान मंत्र जान धन योजना,बचत और वित्तीय समावेश,बचत आणि आर्थिक समावेश,भारत के सभी निवासी 10 वर्ष से अधिक आयु,10 वर्षांपेक्षा जास्त वयाच्या भारताचे सर्व रहिवासी,"शून्य शेष खाते, डेबिट कार्ड, ओवरड्राफ्ट सुविधा","शून्य शिल्लक खाती, डेबिट कार्ड, ओव्हरड्राफ्ट सुविधा",आईडी प्रूफ के साथ अधिकृत बैंक शाखाओं या डिजिटल पोर्टल पर जाएं,आयडी प्रूफसह अधिकृत बँक शाखा किंवा डिजिटल पोर्टलला भेट द्या,,,जीवनभर,आजीवन
Mahila Microfinance Initiative,Government,19-60,Female,All,Below Poverty Line,Rural India,Microcredit for Women,Women below poverty line with productive economic activity,"Access to microloans, financial literacy workshops",Application through local microfinance institutions,https://microfinance.gov.in,Interest rate 12-15% per annum,1-5 years,चारिला माइक्रोफाइनेंस पहल,माहिला मायक्रोफायनान्स इनिशिएटिव्ह,महिलाओं के लिए microcredit,महिलांसाठी मायक्रोक्रेडिट,उत्पादक आर्थिक गतिविधि के साथ गरीबी रेखा से नीचे की महिलाएं,उत्पादक आर्थिक क्रियाकलापांसह गरीबीच्या खाली असलेल्या स्त्रिया,"माइक्रोलोन, वित्तीय साक्षरता कार्यशालाओं तक पहुंच","मायक्रोलोन्स, आर्थिक साक्षरता कार्यशाळांमध्ये प्रवेश",स्थानीय माइक्रोफाइनेंस संस्थानों के माध्यम से आवेदन,स्थानिक मायक्रोफायनान्स संस्थांद्वारे अर्ज,ब्याज दर 12-15% प्रति वर्ष,व्याज दर दरवर्षी 12-15%,1-5 साल,1-5 वर्षे
SmartBanking Private Card,Private,19-35,All,General,Middle,Urban India,Digital Banking and Payments,Customer with valid ID and proof of income,"Unlimited digital transactions, cashback offers",Sign up online or at bank branches with KYC documents,https://smartbanking.in,,,स्मार्टबैंकिंग निजी कार्ड,स्मार्टबँकिंग खाजगी कार्ड,अंकीय बैंकिंग और भुगतान,डिजिटल बँकिंग आणि देयके,मान्य आईडी और आय के प्रमाण के साथ ग्राहक,वैध आयडी आणि उत्पन्नाचा पुरावा असलेले ग्राहक,"असीमित डिजिटल लेनदेन, कैशबैक ऑफ़र","अमर्यादित डिजिटल व्यवहार, कॅशबॅक ऑफर",KYC दस्तावेज़ों के साथ ऑनलाइन या बैंक शाखाओं में साइन अप करें,केवायसीच्या कागदपत्रांसह ऑनलाईन किंवा बँक शाखांमध्ये साइन अप करा,,,,
Senior Citizens Savings Plan,Government,60+,All,All,Upper,All India,Retirement Savings,Indian residents above 60 years,"Guaranteed interest, tax benefits",Visit banking branch with ID proof and age certificate,https://seniorsavings.gov.in,Interest rate 7.4% p.a.,5 years or lifetime,वरिष्ठ नागरिक बचत योजना,ज्येष्ठ नागरिक बचत योजना,सेवानिवृत्ति बचत,सेवानिवृत्तीची बचत,60 साल से ऊपर के भारतीय निवासी,60 वर्षांपेक्षा जास्त भारतीय रहिवासी,"गारंटीकृत ब्याज, कर लाभ","हमी व्याज, कर लाभ",आईडी प्रूफ और आयु प्रमाण पत्र के साथ बैंकिंग शाखा पर जाएँ,आयडी पुरावा आणि वय प्रमाणपत्रासह बँकिंग शाखेत भेट द्या,ब्याज दर 7.4% P.A.,व्याज दर 7.4% पी.ए.,5 साल या जीवन भर,5 वर्षे किंवा आजीवन
Youth Entrepreneur Funding,Private,19-35,All,OBC,Middle,All India,Microfinance for Startups,Youth with innovative business idea and proof of entrepreneurship,"Seed funding, mentorship, market access",Online application with business plan,https://youthembusiness.in,,Up to 5 years,युवा उद्यमी वित्त पोषण,युवा उद्योजक निधी,स्टार्टअप के लिए microfinance,स्टार्टअप्ससाठी मायक्रोफायनान्स,अभिनव व्यापार विचार और उद्यमिता के प्रमाण वाले युवा,नाविन्यपूर्ण व्यवसाय कल्पना आणि उद्योजकतेचा पुरावा असलेले तरुण,"बीज फंडिंग, मेंटरशिप, मार्केट एक्सेस","बियाणे निधी, मार्गदर्शन, बाजार प्रवेश",व्यापार योजना के साथ ऑनलाइन आवेदन,व्यवसाय योजनेसह ऑनलाइन अनुप्रयोग,,,5 साल तक,5 वर्षांपर्यंत
Educational Savings Scheme,Government,0-5,All,All,All,All India,Child Education Savings,Parents or guardians of children below 5 years,"Tax benefits, matched savings",Application through school or bank,https://educationsavings.gov.in,Interest rate 6-7% p.a.,,शैक्षिक बचत योजना,शैक्षणिक बचत योजना,बाल शिक्षा बचत,बाल शिक्षण बचत,5 साल से कम उम्र के बच्चों के माता -पिता या अभिभावक,पालक किंवा 5 वर्षांखालील मुलांचे पालक,"कर लाभ, मिलान बचत","कर लाभ, जुळणारी बचत",स्कूल या बैंक के माध्यम से आवेदन,शाळा किंवा बँकेद्वारे अर्ज,ब्याज दर 6-7% पी.ए.,व्याज दर 6-7% पी.ए.,,
Pradhan Mantri Jan-Dhan Yojana,Government,6-18,All,All,Below Poverty Line,All India,Financial Inclusion and Banking Access,Open to all citizens above 10 years old,"Zero balance accounts, overdraft facilities",Visit nearest bank branch with ID proof,https://pmjdy.gov.in,,Lifetime,Pradhan Mantri Jan-Dhan Yojana,पंतप्रधान जान धन योजना,वित्तीय समावेशन और बैंकिंग पहुंच,आर्थिक समावेश आणि बँकिंग प्रवेश,10 साल से अधिक उम्र के सभी नागरिकों के लिए खुला,10 वर्षांपेक्षा जास्त वयाच्या सर्व नागरिकांसाठी खुले,"शून्य शेष खाते, ओवरड्राफ्ट सुविधाएं","शून्य शिल्लक खाती, ओव्हरड्राफ्ट सुविधा",आईडी प्रूफ के साथ निकटतम बैंक शाखा पर जाएं,आयडी पुराव्यासह जवळच्या बँक शाखेत भेट द्या,,,जीवनभर,आजीवन
Microloan for Women Entrepreneurs,Private,19-35,Female,OBC,Middle,Rural Areas of Bihar,Microcredit and Business Support,"Women above 21 years, with a business idea","Low-interest loans up to INR 50,000, Business training",Online application through partner organization,https://womenmicroloan.org,Interest rate 10% per annum,5 years,महिला उद्यमियों के लिए microloan,महिला उद्योजकांसाठी मायक्रोलोन,माइक्रोक्रेडिट एंड बिजनेस सपोर्ट,मायक्रोक्रेडिट आणि व्यवसाय समर्थन,"21 साल से अधिक की महिलाएं, एक व्यावसायिक विचार के साथ",व्यवसायाच्या कल्पनेसह 21 वर्षांपेक्षा जास्त महिला,"INR 50,000 तक कम-ब्याज ऋण, व्यवसाय प्रशिक्षण","आयएनआर 50,000 पर्यंत कमी व्याज कर्ज, व्यवसाय प्रशिक्षण",साझेदार संगठन के माध्यम से ऑनलाइन आवेदन,भागीदार संस्थेद्वारे ऑनलाइन अनुप्रयोग,ब्याज दर 10% प्रति वर्ष,व्याज दर दरवर्षी 10%,5 साल,5 वर्षे
Sukanya Samriddhi Yojana,Government,0-5,Female,All,All,All India,Child Girl Education and Savings,Parents or Guardians of girl children,"Tax benefits, Higher interest rates, Maturity benefit",Open account at bank or post office with birth certificate,https://sukanyasamriddhi.gov.in,Approx. 8% interest compounded annually,21 years or maturity of girl child,Sukanya Samriddhi Yojana,सुकन्या साम्रिधी योजना,बाल लड़की शिक्षा और बचत,बाल मुलगी शिक्षण आणि बचत,माता -पिता या लड़की बच्चों के संरक्षक,पालक किंवा मुली मुलांचे पालक,"कर लाभ, उच्च ब्याज दर, परिपक्वता लाभ","कर लाभ, उच्च व्याज दर, परिपक्वता लाभ",जन्म प्रमाण पत्र के साथ बैंक या डाकघर में खुला खाता,जन्म प्रमाणपत्रासह बँक किंवा पोस्ट ऑफिसवर उघडा खाते,लगभग।8% ब्याज सालाना,अंदाजे.वर्षाकाठी 8% व्याज वाढवले जाते,21 साल या बालिका की परिपक्वता,21 वर्षे किंवा मुलगी मुलाची परिपक्वता
Digital Payment Incentive Scheme,Government,19-60,All,General,Middle,Urban Areas of Maharashtra,Promote Digital Transactions,All residents above 18 years with valid ID,"Cashback on digital transactions, Reward points",Register via official app or website,https://digitalpay.gov.in,,,अंकीय भुगतान प्रोत्साहन योजना,डिजिटल देयक प्रोत्साहन योजना,डिजिटल लेनदेन को बढ़ावा देना,डिजिटल व्यवहारांना प्रोत्साहन द्या,मान्य आईडी के साथ 18 साल से ऊपर के सभी निवासी,वैध आयडीसह 18 वर्षांपेक्षा जास्त वयाचे सर्व रहिवासी,"डिजिटल लेनदेन, इनाम अंक पर कैशबैक","डिजिटल व्यवहारांवर कॅशबॅक, बक्षीस गुण",आधिकारिक ऐप या वेबसाइट के माध्यम से पंजीकरण करें,अधिकृत अ‍ॅप किंवा वेबसाइटद्वारे नोंदणी करा,,,,
Retirement Pension Scheme,Private,60+,All,All,Below Poverty Line,Rural Telangana,Retirement Savings and Pension,Citizens above 60 years with proof of identity,"Monthly pension benefits, Medical allowance",Apply through local pension office with documentation,https://retirementpension.org,"Monthly pension amount varies, interest rate 7%",Lifetime,सेवानिवृत्ति पेंशन योजना,सेवानिवृत्ती पेन्शन योजना,सेवानिवृत्ति बचत और पेंशन,सेवानिवृत्तीची बचत आणि पेन्शन,पहचान के प्रमाण के साथ 60 वर्ष से अधिक के नागरिक,ओळखीच्या पुराव्यासह 60 वर्षांपेक्षा जास्त नागरिक,"मासिक पेंशन लाभ, चिकित्सा भत्ता","मासिक पेन्शन लाभ, वैद्यकीय भत्ता",प्रलेखन के साथ स्थानीय पेंशन कार्यालय के माध्यम से आवेदन करें,दस्तऐवजीकरणासह स्थानिक पेन्शन कार्यालयातून अर्ज करा,"मासिक पेंशन राशि भिन्न होती है, ब्याज दर 7%","मासिक पेन्शन रक्कम बदलते, व्याज दर 7%",जीवनभर,आजीवन
Skill Development and Microcredit Program,Government,19-60,All,ST,Below Poverty Line,Tribal Regions of Madhya Pradesh,Skill Enhancement and Microcredit Access,"Tribal residents above 18 years, willing to learn skills","Skill training, Microcredit loans up to INR 20,000",Registration at local skill centers and microfinance institutions,https://skillmicrocredit.gov.in,Interest rate 12% annually on loans,3 years,कौशल विकास और माइक्रोक्रेडिट प्रोग्राम,कौशल्य विकास आणि मायक्रोक्रेडिट प्रोग्राम,कौशल वृद्धि और माइक्रोक्रेडिट एक्सेस,कौशल्य वर्धितता आणि मायक्रोक्रेडिट प्रवेश,"18 साल से ऊपर आदिवासी निवासी, कौशल सीखने के लिए तैयार हैं","18 वर्षांपेक्षा जास्त आदिवासी रहिवासी, कौशल्ये शिकण्यास तयार आहेत","कौशल प्रशिक्षण, INR 20,000 तक माइक्रोक्रेडिट लोन","कौशल्य प्रशिक्षण, मायक्रोक्रेडिट कर्ज 20,000 पर्यंत",स्थानीय कौशल केंद्रों और माइक्रोफाइनेंस संस्थानों में पंजीकरण,स्थानिक कौशल्य केंद्रे आणि मायक्रोफायनान्स संस्थांमध्ये नोंदणी,ऋण पर ब्याज दर 12% सालाना,कर्जावर वर्षाकाठी 12% व्याज दर,3 वर्ष,3 वर्षे
Pradhan Mantri Jan Dhan Yojana,Government,6-18,All,All,Below Poverty Line,All India,Financial Inclusion & Banking Access,Open to all citizens above 10 years old with valid ID,"Zero balance accounts, debit card issuance, overdraft facility",Open a bank account at any authorized bank branch or agency,https://pmjdy.gov.in/,,Lifetime,Pradhan Mantri Jan Dhan Yojana,प्रधान मंत्र जान धन योजना,वित्तीय समावेशन और बैंकिंग पहुंच,आर्थिक समावेश आणि बँकिंग प्रवेश,मान्य आईडी के साथ 10 साल से अधिक उम्र के सभी नागरिकों के लिए खुला,वैध आयडीसह 10 वर्षांपेक्षा जास्त वयाच्या सर्व नागरिकांसाठी खुले,"शून्य शेष खाते, डेबिट कार्ड जारी करना, ओवरड्राफ्ट सुविधा","शून्य शिल्लक खाती, डेबिट कार्ड जारी करणे, ओव्हरड्राफ्ट सुविधा",किसी भी अधिकृत बैंक शाखा या एजेंसी में एक बैंक खाता खोलें,कोणत्याही अधिकृत बँक शाखेत किंवा एजन्सीवर बँक खाते उघडा,,,जीवनभर,आजीवन
Vaya Samridhi Yojana,Government,60+,All,All,Middle,All India,Retirement Savings & Pension,Elderly citizens above 60 years with necessary documentation,"Monthly pension, savings benefit, health cover options",Apply through bank branches or online portal,https://vayasamridhi.in/,Interest rate 8% p.a.,Lifetime,Vaya Samridhi Yojana,समृद्धी योजना मार्गे,सेवानिवृत्ति बचत और पेंशन,सेवानिवृत्तीची बचत आणि पेन्शन,आवश्यक प्रलेखन के साथ 60 साल से अधिक बुजुर्ग नागरिक,आवश्यक कागदपत्रांसह 60 वर्षांपेक्षा जास्त वयोवृद्ध वृद्ध नागरिक,"मासिक पेंशन, बचत लाभ, स्वास्थ्य कवर विकल्प","मासिक पेन्शन, बचत लाभ, आरोग्य कव्हर पर्याय",बैंक शाखाओं या ऑनलाइन पोर्टल के माध्यम से आवेदन करें,बँक शाखा किंवा ऑनलाइन पोर्टलद्वारे अर्ज करा,ब्याज दर 8% पी.ए.,व्याज दर 8% पी.ए.,जीवनभर,आजीवन
Kisan Credit Card Scheme,Government,19-35,Male,OBC,Middle,Rural,Microcredit & Agricultural Financing,"Farming community, landholding farmers","Crop loans, flexible repayment, insurance options",Apply through cooperative banks or rural branches,https://agri.gov.in/kcc,Interest rate 7% p.a.,1-5 years,किसान क्रेडिट कार्ड योजना,किसान क्रेडिट कार्ड योजना,माइक्रोक्रेडिट एंड कृषि वित्तपोषण,मायक्रोक्रेडिट आणि कृषी वित्तपुरवठा,"खेती समुदाय, लैंडहोल्डिंग किसान","शेती समुदाय, भू -ल्डिंग शेतकरी","फसल ऋण, लचीला चुकौती, बीमा विकल्प","पीक कर्ज, लवचिक परतफेड, विमा पर्याय",सहकारी बैंकों या ग्रामीण शाखाओं के माध्यम से आवेदन करें,सहकारी बँका किंवा ग्रामीण शाखांद्वारे अर्ज करा,ब्याज दर 7% पी.ए.,व्याज दर 7% पी.ए.,1-5 साल,1-5 वर्षे
Small Business Loan Scheme,Private,19-60,All,General,Upper,Urban,Microcredit & Business Expansion,"Small and micro enterprises, startups","Low-interest loans, quick approval process",Online application via partner banks or financial institutions,https://smallbusinessbank.com/loan,Interest rate 10% p.a.,3-7 years,लघु व्यवसाय ऋण योजना,लघु व्यवसाय कर्ज योजना,माइक्रोक्रेडिट एंड बिजनेस एक्सपेंशन,मायक्रोक्रेडिट आणि व्यवसाय विस्तार,"छोटे और सूक्ष्म उद्यम, स्टार्टअप","लहान आणि सूक्ष्म उपक्रम, स्टार्टअप्स","कम-ब्याज ऋण, त्वरित अनुमोदन प्रक्रिया","कमी व्याज कर्ज, द्रुत मंजुरी प्रक्रिया",भागीदार बैंकों या वित्तीय संस्थानों के माध्यम से ऑनलाइन आवेदन,भागीदार बँका किंवा वित्तीय संस्थांद्वारे ऑनलाइन अर्ज,ब्याज दर 10% पी.ए.,व्याज दर 10% पी.ए.,3-7 साल,3-7 वर्षे
Digital Payment Incentive,Government,19-35,All,All,All,Urban and Rural,Promote Digital Transactions,All users of digital payment platforms,"Cashback, discounts, transaction fee waivers",Register on digital payment apps or platforms,https://digitalpayments.gov.in/,,,अंकीय भुगतान प्रोत्साहन,डिजिटल पेमेंट प्रोत्साहन,डिजिटल लेनदेन को बढ़ावा देना,डिजिटल व्यवहारांना प्रोत्साहन द्या,डिजिटल भुगतान प्लेटफार्मों के सभी उपयोगकर्ता,डिजिटल पेमेंट प्लॅटफॉर्मचे सर्व वापरकर्ते,"कैशबैक, छूट, लेन -देन शुल्क छूट","कॅशबॅक, सवलत, व्यवहार फी माफी",डिजिटल भुगतान एप्लिकेशन या प्लेटफार्मों पर पंजीकरण करें,डिजिटल पेमेंट अॅप्स किंवा प्लॅटफॉर्मवर नोंदणी करा,,,,
Youth Financial Literacy Program,Private,6-18,All,All,All,All India,Financial Education & Literacy,Students and young individuals,"Workshops, online courses, awareness campaigns",Register via schools or online portal,https://finlitprogram.in/,,Ongoing,युवा वित्तीय साक्षरता कार्यक्रम,युवा आर्थिक साक्षरता कार्यक्रम,वित्तीय शिक्षा और साक्षरता,आर्थिक शिक्षण आणि साक्षरता,छात्र और युवा व्यक्ति,विद्यार्थी आणि तरुण व्यक्ती,"कार्यशालाएं, ऑनलाइन पाठ्यक्रम, जागरूकता अभियान","कार्यशाळा, ऑनलाइन अभ्यासक्रम, जागरूकता मोहिम",स्कूलों या ऑनलाइन पोर्टल के माध्यम से पंजीकरण करें,शाळा किंवा ऑनलाइन पोर्टलद्वारे नोंदणी करा,,,चल रहे,चालू आहे
Pradhan Mantri Jan Dhan Yojana,Government,6-18,All,All,Below Poverty Line,India-wide,Banking and financial inclusion for all,Open to all citizens of India,"Basic banking facilities, overdraft facilities, insurance cover",Visit a bank branch or apply online,https://pmjdy.gov.in/,,Lifetime,Pradhan Mantri Jan Dhan Yojana,प्रधान मंत्र जान धन योजना,सभी के लिए बैंकिंग और वित्तीय समावेश,सर्वांसाठी बँकिंग आणि आर्थिक समावेश,भारत के सभी नागरिकों के लिए खुला,भारताच्या सर्व नागरिकांसाठी खुला,"बुनियादी बैंकिंग सुविधाएं, ओवरड्राफ्ट सुविधाएं, बीमा कवर","मूलभूत बँकिंग सुविधा, ओव्हरड्राफ्ट सुविधा, विमा कव्हर",एक बैंक शाखा पर जाएँ या ऑनलाइन आवेदन करें,बँक शाखेत भेट द्या किंवा ऑनलाईन अर्ज करा,,,जीवनभर,आजीवन
Aarogyasri Health Scheme,Government,All,All,SC,Below Poverty Line,Andhra Pradesh,Health insurance and medical benefits,"Below poverty line status, residents of Andhra Pradesh","Free medical treatment, hospital stays, surgeries",Register through government hospitals or online portal,https://ahd.ap.gov.in/aarogyasri/,,Lifetime,आरोग्यसरी स्वास्थ्य योजना,आरोगियास्री आरोग्य योजना,स्वास्थ्य बीमा और चिकित्सा लाभ,आरोग्य विमा आणि वैद्यकीय लाभ,"गरीबी रेखा की स्थिति के नीचे, आंध्र प्रदेश के निवासी",दारिद्र्य रेखा स्थितीच्या खाली आंध्र प्रदेशातील रहिवासी,"नि: शुल्क चिकित्सा उपचार, अस्पताल में रहने, सर्जरी","विनामूल्य वैद्यकीय उपचार, रुग्णालयात मुक्काम, शस्त्रक्रिया",सरकारी अस्पतालों या ऑनलाइन पोर्टल के माध्यम से पंजीकरण करें,सरकारी रुग्णालये किंवा ऑनलाइन पोर्टलद्वारे नोंदणी करा,,,जीवनभर,आजीवन
Union Bank Microfinance Scheme,Private,19-35,Female,OBC,Middle,Rural areas of India,Microcredit for small entrepreneurs,Micro-entrepreneurs with viable business plans,"Small loans, financial literacy training, business support",Application at Union Bank branches or partner NGOs,https://unionbank.co.in/microfinance,Interest rate 10-12% p.a.,3-5 years,यूनियन बैंक माइक्रोफाइनेंस योजना,युनियन बँक मायक्रोफायनान्स योजना,छोटे उद्यमियों के लिए microcredit,लहान उद्योजकांसाठी मायक्रोक्रेडिट,व्यवहार्य व्यावसायिक योजनाओं के साथ सूक्ष्म उद्यमियों,व्यवहार्य व्यवसाय योजनांसह सूक्ष्म-उद्योजक,"छोटे ऋण, वित्तीय साक्षरता प्रशिक्षण, व्यापार सहायता","लहान कर्ज, आर्थिक साक्षरता प्रशिक्षण, व्यवसाय समर्थन",यूनियन बैंक शाखाओं या भागीदार एनजीओ पर आवेदन,युनियन बँक शाखा किंवा भागीदार स्वयंसेवी संस्था येथे अर्ज,ब्याज दर 10-12% पी.ए.,व्याज दर 10-12% पी.ए.,3-5 साल,3-5 वर्षे
SBI Youth Savings Program,Government,6-18,All,General,All,India-wide,Savings and financial literacy for youth,Students and minors with guardian approval,"Savings account with no minimum balance, educational materials",Visit SBI branches or online registration,https://sbi.co.in/web/personal-banking/youth-savings,,,एसबीआई युवा बचत कार्यक्रम,एसबीआय युवा बचत कार्यक्रम,युवाओं के लिए बचत और वित्तीय साक्षरता,तरुणांसाठी बचत आणि आर्थिक साक्षरता,अभिभावक अनुमोदन वाले छात्र और नाबालिग,पालकांची मंजुरी असलेले विद्यार्थी आणि अल्पवयीन मुले,"कोई न्यूनतम शेष राशि, शैक्षिक सामग्री के साथ बचत खाता","किमान शिल्लक, शैक्षणिक साहित्य नसलेले बचत खाते",SBI शाखाओं या ऑनलाइन पंजीकरण पर जाएँ,एसबीआय शाखा किंवा ऑनलाइन नोंदणीला भेट द्या,,,,
Nifty Financial Literacy Initiative,Private,19-60,All,Minority,Middle,Urban India,Financial literacy and awareness,All residents of urban areas above 19 years,"Workshops, online courses, informational resources",Register online or attend local workshops,https://niftyfinancial.in,,Ongoing,निफ्टी फाइनेंशियल साक्षरता पहल,निफ्टी आर्थिक साक्षरता पुढाकार,वित्तीय साक्षरता और जागरूकता,आर्थिक साक्षरता आणि जागरूकता,19 वर्ष से अधिक शहरी क्षेत्रों के सभी निवासी,शहरी भागातील सर्व रहिवासी 19 वर्षांपेक्षा जास्त,"कार्यशालाएं, ऑनलाइन पाठ्यक्रम, सूचनात्मक संसाधन","कार्यशाळा, ऑनलाइन अभ्यासक्रम, माहितीची संसाधने",ऑनलाइन पंजीकरण करें या स्थानीय कार्यशालाओं में भाग लें,ऑनलाइन नोंदणी करा किंवा स्थानिक कार्यशाळांमध्ये उपस्थित रहा,,,चल रहे,चालू आहे
Rural Credit Guarantee Scheme,Government,All,All,All,Below Poverty Line,Rural India,Guarantee loans for rural farmers and entrepreneurs,Rural residents with viable projects or farms,"Loan guarantees, reduced interest rates",Apply through local cooperative banks or government offices,https://ruralbank.gov.in/creditguarantee,,,ग्रामीण ऋण गारंटी योजना,ग्रामीण पत हमी योजना,ग्रामीण किसानों और उद्यमियों के लिए ऋण की गारंटी,ग्रामीण शेतकरी आणि उद्योजकांसाठी हमी कर्ज,व्यवहार्य परियोजनाओं या खेतों के साथ ग्रामीण निवासी,व्यवहार्य प्रकल्प किंवा शेतात ग्रामीण रहिवासी,"ऋण गारंटी, ब्याज दर कम","कर्जाची हमी, व्याज दर कमी",स्थानीय सहकारी बैंकों या सरकारी कार्यालयों के माध्यम से आवेदन करें,स्थानिक सहकारी बँका किंवा सरकारी कार्यालयांद्वारे अर्ज करा,,,,
Private Wealth Builder Plan,Private,36-60,All,All,Upper,India-wide,Retirement and wealth accumulation,Individuals above 30 with steady income,"Long-term investment options, tax benefits",Consult with authorized financial advisors or online portals,https://privatewealthbuilder.in,"Interest rates vary, maturity amount based on investments",5-20 years,निजी धन बिल्डर योजना,खाजगी संपत्ती बिल्डर योजना,सेवानिवृत्ति और धन संचय,सेवानिवृत्ती आणि संपत्ती संचय,स्थिर आय के साथ 30 से ऊपर के व्यक्ति,स्थिर उत्पन्नासह 30 वर्षांपेक्षा जास्त व्यक्ती,"दीर्घकालिक निवेश विकल्प, कर लाभ","दीर्घकालीन गुंतवणूकीचे पर्याय, कर लाभ",अधिकृत वित्तीय सलाहकारों या ऑनलाइन पोर्टल्स के साथ परामर्श करें,अधिकृत आर्थिक सल्लागार किंवा ऑनलाइन पोर्टलशी सल्लामसलत करा,"ब्याज दरें भिन्न होती हैं, निवेश के आधार पर परिपक्वता राशि","व्याज दर बदलतात, गुंतवणूकीवर आधारित परिपक्वता रक्कम",5-20 वर्ष,5-20 वर्षे
